pH,temperature_C,activity_pct
4.0,10.0,0.0
4.25,10.0,1.78
4.5,10.0,1.07
4.75,10.0,0.0
5.0,10.0,1.65
5.25,10.0,0.0
5.5,10.0,1.46
5.75,10.0,4.29
6.0,10.0,3.57
6.25,10.0,3.86
6.5,10.0,7.03
6.75,10.0,8.14
7.0,10.0,9.41
7.25,10.0,9.19
7.5,10.0,9.55
7.75,10.0,8.66
8.0,10.0,7.25
8.25,10.0,6.04
8.5,10.0,4.47
8.75,10.0,1.93
9.0,10.0,1.33
9.25,10.0,1.51
9.5,10.0,1.65
9.75,10.0,2.97
10.0,10.0,0.42
4.0,12.5,1.61
4.25,12.5,1.83
4.5,12.5,0.04
4.75,12.5,1.58
5.0,12.5,0.79
5.25,12.5,3.83
5.5,12.5,3.75
5.75,12.5,2.25
6.0,12.5,5.78
6.25,12.5,9.68
6.5,12.5,8.63
6.75,12.5,11.12
7.0,12.5,12.46
7.25,12.5,10.77
7.5,12.5,13.16
7.75,12.5,9.74
8.0,12.5,9.78
8.25,12.5,10.84
8.5,12.5,8.08
8.75,12.5,5.4
9.0,12.5,4.99
9.25,12.5,2.93
9.5,12.5,2.03
9.75,12.5,2.26
10.0,12.5,0.0
4.0,15.0,0.22
4.25,15.0,0.0
4.5,15.0,0.0
4.75,15.0,0.0
5.0,15.0,4.08
5.25,15.0,3.34
5.5,15.0,2.21
5.75,15.0,3.74
6.0,15.0,8.12
6.25,15.0,13.13
6.5,15.0,13.05
6.75,15.0,17.6
7.0,15.0,17.96
7.25,15.0,19.16
7.5,15.0,16.55
7.75,15.0,19.11
8.0,15.0,15.55
8.25,15.0,15.11
8.5,15.0,10.08
8.75,15.0,9.04
9.0,15.0,7.0
9.25,15.0,4.3
9.5,15.0,3.62
9.75,15.0,1.5
10.0,15.0,0.17
4.0,17.5,2.63
4.25,17.5,2.02
4.5,17.5,0.0
4.75,17.5,2.32
5.0,17.5,1.36
5.25,17.5,2.18
5.5,17.5,7.56
5.75,17.5,6.11
6.0,17.5,13.27
6.25,17.5,15.08
6.5,17.5,18.79
6.75,17.5,23.04
7.0,17.5,25.87
7.25,17.5,25.22
7.5,17.5,27.67
7.75,17.5,25.56
8.0,17.5,21.13
8.25,17.5,19.56
8.5,17.5,18.27
8.75,17.5,15.09
9.0,17.5,10.35
9.25,17.5,4.71
9.5,17.5,5.05
9.75,17.5,4.0
10.0,17.5,2.72
4.0,20.0,1.49
4.25,20.0,1.15
4.5,20.0,1.03
4.75,20.0,1.1
5.0,20.0,0.55
5.25,20.0,5.94
5.5,20.0,8.53
5.75,20.0,12.74
6.0,20.0,14.3
6.25,20.0,22.19
6.5,20.0,29.31
6.75,20.0,30.91
7.0,20.0,34.22
7.25,20.0,36.78
7.5,20.0,39.56
7.75,20.0,33.32
8.0,20.0,31.9
8.25,20.0,26.0
8.5,20.0,21.42
8.75,20.0,17.19
9.0,20.0,14.75
9.25,20.0,11.61
9.5,20.0,6.6
9.75,20.0,3.18
10.0,20.0,5.98
4.0,22.5,0.0
4.25,22.5,0.0
4.5,22.5,0.0
4.75,22.5,4.74
5.0,22.5,5.91
5.25,22.5,10.76
5.5,22.5,8.76
5.75,22.5,17.83
6.0,22.5,21.54
6.25,22.5,29.11
6.5,22.5,32.01
6.75,22.5,42.67
7.0,22.5,46.29
7.25,22.5,47.68
7.5,22.5,48.96
7.75,22.5,44.66
8.0,22.5,40.66
8.25,22.5,35.06
8.5,22.5,26.45
8.75,22.5,23.99
9.0,22.5,18.52
9.25,22.5,10.66
9.5,22.5,8.31
9.75,22.5,4.52
10.0,22.5,3.44
4.0,25.0,0.0
4.25,25.0,0.0
4.5,25.0,3.46
4.75,25.0,3.24
5.0,25.0,8.65
5.25,25.0,9.05
5.5,25.0,12.26
5.75,25.0,21.53
6.0,25.0,27.93
6.25,25.0,36.21
6.5,25.0,45.19
6.75,25.0,49.96
7.0,25.0,56.58
7.25,25.0,59.83
7.5,25.0,58.47
7.75,25.0,57.26
8.0,25.0,54.27
8.25,25.0,45.35
8.5,25.0,34.77
8.75,25.0,26.23
9.0,25.0,23.56
9.25,25.0,14.61
9.5,25.0,8.83
9.75,25.0,5.78
10.0,25.0,1.5
4.0,27.5,2.75
4.25,27.5,0.62
4.5,27.5,4.31
4.75,27.5,4.09
5.0,27.5,8.91
5.25,27.5,11.21
5.5,27.5,17.73
5.75,27.5,24.81
6.0,27.5,33.46
6.25,27.5,42.84
6.5,27.5,51.96
6.75,27.5,64.26
7.0,27.5,67.06
7.25,27.5,72.43
7.5,27.5,72.82
7.75,27.5,70.09
8.0,27.5,62.35
8.25,27.5,54.7
8.5,27.5,44.08
8.75,27.5,32.05
9.0,27.5,25.39
9.25,27.5,16.12
9.5,27.5,9.21
9.75,27.5,7.67
10.0,27.5,5.21
4.0,30.0,1.5
4.25,30.0,2.25
4.5,30.0,0.0
4.75,30.0,2.59
5.0,30.0,10.77
5.25,30.0,10.92
5.5,30.0,19.89
5.75,30.0,26.36
6.0,30.0,37.65
6.25,30.0,47.89
6.5,30.0,61.2
6.75,30.0,71.05
7.0,30.0,78.29
7.25,30.0,82.0
7.5,30.0,84.41
7.75,30.0,78.37
8.0,30.0,73.34
8.25,30.0,66.52
8.5,30.0,53.19
8.75,30.0,40.8
9.0,30.0,29.16
9.25,30.0,17.6
9.5,30.0,11.65
9.75,30.0,10.53
10.0,30.0,3.98
4.0,32.5,0.0
4.25,32.5,1.3
4.5,32.5,1.29
4.75,32.5,3.28
5.0,32.5,8.55
5.25,32.5,12.46
5.5,32.5,19.86
5.75,32.5,29.09
6.0,32.5,42.25
6.25,32.5,53.62
6.5,32.5,66.43
6.75,32.5,79.17
7.0,32.5,87.03
7.25,32.5,91.93
7.5,32.5,93.53
7.75,32.5,89.61
8.0,32.5,80.11
8.25,32.5,69.27
8.5,32.5,55.36
8.75,32.5,42.6
9.0,32.5,33.52
9.25,32.5,23.33
9.5,32.5,15.75
9.75,32.5,9.94
10.0,32.5,5.78
4.0,35.0,1.88
4.25,35.0,3.04
4.5,35.0,4.42
4.75,35.0,5.27
5.0,35.0,11.21
5.25,35.0,14.94
5.5,35.0,23.14
5.75,35.0,32.44
6.0,35.0,44.25
6.25,35.0,56.0
6.5,35.0,71.62
6.75,35.0,87.09
7.0,35.0,91.75
7.25,35.0,97.81
7.5,35.0,97.54
7.75,35.0,93.02
8.0,35.0,87.31
8.25,35.0,72.16
8.5,35.0,59.11
8.75,35.0,44.06
9.0,35.0,33.1
9.25,35.0,21.41
9.5,35.0,16.89
9.75,35.0,14.27
10.0,35.0,5.49
4.0,37.5,0.0
4.25,37.5,3.01
4.5,37.5,2.0
4.75,37.5,7.44
5.0,37.5,8.82
5.25,37.5,13.85
5.5,37.5,22.21
5.75,37.5,33.57
6.0,37.5,44.11
6.25,37.5,57.1
6.5,37.5,71.19
6.75,37.5,82.0
7.0,37.5,94.12
7.25,37.5,96.31
7.5,37.5,98.84
7.75,37.5,96.12
8.0,37.5,86.56
8.25,37.5,75.01
8.5,37.5,60.5
8.75,37.5,48.8
9.0,37.5,36.08
9.25,37.5,24.96
9.5,37.5,17.54
9.75,37.5,11.32
10.0,37.5,5.46
4.0,40.0,0.0
4.25,40.0,2.24
4.5,40.0,3.82
4.75,40.0,6.96
5.0,40.0,7.56
5.25,40.0,12.99
5.5,40.0,22.5
5.75,40.0,31.36
6.0,40.0,40.29
6.25,40.0,56.68
6.5,40.0,66.57
6.75,40.0,79.98
7.0,40.0,92.75
7.25,40.0,98.76
7.5,40.0,94.7
7.75,40.0,91.65
8.0,40.0,83.59
8.25,40.0,74.58
8.5,40.0,58.05
8.75,40.0,44.93
9.0,40.0,35.97
9.25,40.0,23.0
9.5,40.0,16.75
9.75,40.0,7.68
10.0,40.0,5.68
4.0,42.5,0.0
4.25,42.5,0.0
4.5,42.5,4.05
4.75,42.5,4.87
5.0,42.5,7.85
5.25,42.5,12.21
5.5,42.5,19.92
5.75,42.5,29.68
6.0,42.5,41.53
6.25,42.5,48.19
6.5,42.5,63.17
6.75,42.5,75.85
7.0,42.5,84.12
7.25,42.5,89.8
7.5,42.5,90.06
7.75,42.5,85.13
8.0,42.5,76.79
8.25,42.5,66.42
8.5,42.5,56.33
8.75,42.5,41.3
9.0,42.5,31.16
9.25,42.5,22.16
9.5,42.5,16.89
9.75,42.5,8.74
10.0,42.5,6.95
4.0,45.0,2.52
4.25,45.0,1.23
4.5,45.0,2.16
4.75,45.0,3.9
5.0,45.0,7.03
5.25,45.0,13.14
5.5,45.0,18.36
5.75,45.0,26.35
6.0,45.0,33.94
6.25,45.0,44.91
6.5,45.0,60.51
6.75,45.0,66.98
7.0,45.0,73.79
7.25,45.0,81.48
7.5,45.0,80.17
7.75,45.0,76.99
8.0,45.0,68.8
8.25,45.0,58.93
8.5,45.0,48.31
8.75,45.0,35.63
9.0,45.0,27.67
9.25,45.0,19.91
9.5,45.0,15.72
9.75,45.0,8.3
10.0,45.0,1.4
4.0,47.5,0.43
4.25,47.5,5.24
4.5,47.5,3.41
4.75,47.5,2.53
5.0,47.5,7.2
5.25,47.5,8.98
5.5,47.5,13.31
5.75,47.5,21.62
6.0,47.5,30.48
6.25,47.5,36.67
6.5,47.5,47.07
6.75,47.5,57.29
7.0,47.5,63.22
7.25,47.5,68.16
7.5,47.5,66.09
7.75,47.5,65.9
8.0,47.5,56.99
8.25,47.5,53.06
8.5,47.5,38.79
8.75,47.5,30.47
9.0,47.5,24.3
9.25,47.5,19.07
9.5,47.5,11.5
9.75,47.5,7.81
10.0,47.5,4.2
4.0,50.0,0.0
4.25,50.0,0.19
4.5,50.0,0.0
4.75,50.0,1.14
5.0,50.0,5.75
5.25,50.0,6.55
5.5,50.0,12.99
5.75,50.0,16.1
6.0,50.0,25.19
6.25,50.0,31.46
6.5,50.0,41.9
6.75,50.0,47.19
7.0,50.0,53.91
7.25,50.0,53.96
7.5,50.0,55.46
7.75,50.0,51.39
8.0,50.0,47.3
8.25,50.0,40.86
8.5,50.0,32.64
8.75,50.0,24.36
9.0,50.0,17.19
9.25,50.0,10.01
9.5,50.0,7.4
9.75,50.0,6.62
10.0,50.0,1.01
4.0,52.5,0.0
4.25,52.5,3.41
4.5,52.5,0.39
4.75,52.5,2.87
5.0,52.5,4.98
5.25,52.5,7.42
5.5,52.5,7.49
5.75,52.5,13.75
6.0,52.5,16.89
6.25,52.5,28.81
6.5,52.5,28.68
6.75,52.5,34.89
7.0,52.5,39.08
7.25,52.5,40.78
7.5,52.5,45.27
7.75,52.5,44.91
8.0,52.5,36.71
8.25,52.5,30.23
8.5,52.5,22.98
8.75,52.5,20.08
9.0,52.5,14.6
9.25,52.5,9.58
9.5,52.5,7.35
9.75,52.5,5.03
10.0,52.5,3.14
4.0,55.0,0.0
4.25,55.0,0.0
4.5,55.0,2.0
4.75,55.0,1.8
5.0,55.0,4.34
5.25,55.0,5.99
5.5,55.0,5.17
5.75,55.0,8.39
6.0,55.0,13.31
6.25,55.0,17.21
6.5,55.0,24.36
6.75,55.0,27.79
7.0,55.0,32.04
7.25,55.0,32.76
7.5,55.0,32.64
7.75,55.0,32.66
8.0,55.0,28.68
8.25,55.0,24.19
8.5,55.0,21.91
8.75,55.0,15.46
9.0,55.0,10.82
9.25,55.0,6.64
9.5,55.0,6.3
9.75,55.0,5.17
10.0,55.0,1.91
4.0,57.5,2.16
4.25,57.5,0.0
4.5,57.5,0.64
4.75,57.5,1.22
5.0,57.5,1.06
5.25,57.5,7.02
5.5,57.5,5.13
5.75,57.5,6.93
6.0,57.5,10.38
6.25,57.5,10.45
6.5,57.5,15.49
6.75,57.5,20.99
7.0,57.5,20.81
7.25,57.5,21.78
7.5,57.5,25.11
7.75,57.5,24.11
8.0,57.5,20.81
8.25,57.5,16.56
8.5,57.5,13.74
8.75,57.5,9.74
9.0,57.5,6.58
9.25,57.5,4.08
9.5,57.5,2.83
9.75,57.5,0.82
10.0,57.5,0.0
4.0,60.0,0.46
4.25,60.0,0.62
4.5,60.0,3.04
4.75,60.0,0.0
5.0,60.0,1.92
5.25,60.0,2.83
5.5,60.0,3.2
5.75,60.0,6.29
6.0,60.0,8.25
6.25,60.0,9.72
6.5,60.0,11.02
6.75,60.0,12.84
7.0,60.0,12.86
7.25,60.0,14.58
7.5,60.0,14.93
7.75,60.0,13.46
8.0,60.0,14.39
8.25,60.0,13.62
8.5,60.0,8.3
8.75,60.0,7.93
9.0,60.0,3.98
9.25,60.0,3.42
9.5,60.0,1.54
9.75,60.0,2.53
10.0,60.0,0.0
4.0,62.5,1.61
4.25,62.5,0.0
4.5,62.5,0.0
4.75,62.5,0.0
5.0,62.5,1.35
5.25,62.5,2.89
5.5,62.5,2.76
5.75,62.5,6.75
6.0,62.5,6.8
6.25,62.5,5.59
6.5,62.5,7.01
6.75,62.5,9.49
7.0,62.5,8.53
7.25,62.5,12.11
7.5,62.5,10.96
7.75,62.5,10.33
8.0,62.5,10.04
8.25,62.5,10.34
8.5,62.5,6.6
8.75,62.5,4.76
9.0,62.5,5.89
9.25,62.5,3.99
9.5,62.5,1.21
9.75,62.5,1.08
10.0,62.5,0.93
4.0,65.0,0.6
4.25,65.0,0.0
4.5,65.0,0.0
4.75,65.0,0.0
5.0,65.0,0.0
5.25,65.0,0.01
5.5,65.0,2.43
5.75,65.0,1.88
6.0,65.0,3.22
6.25,65.0,1.97
6.5,65.0,4.01
6.75,65.0,6.4
7.0,65.0,7.04
7.25,65.0,5.43
7.5,65.0,6.79
7.75,65.0,9.55
8.0,65.0,5.64
8.25,65.0,3.84
8.5,65.0,3.73
8.75,65.0,3.23
9.0,65.0,2.06
9.25,65.0,1.55
9.5,65.0,0.0
9.75,65.0,0.0
10.0,65.0,0.18
4.0,67.5,0.0
4.25,67.5,0.0
4.5,67.5,0.0
4.75,67.5,0.31
5.0,67.5,1.7
5.25,67.5,0.44
5.5,67.5,1.49
5.75,67.5,0.47
6.0,67.5,2.62
6.25,67.5,2.85
6.5,67.5,4.13
6.75,67.5,4.39
7.0,67.5,4.59
7.25,67.5,3.77
7.5,67.5,4.31
7.75,67.5,5.36
8.0,67.5,2.43
8.25,67.5,1.99
8.5,67.5,2.67
8.75,67.5,2.49
9.0,67.5,0.14
9.25,67.5,0.85
9.5,67.5,0.5
9.75,67.5,0.0
10.0,67.5,0.0
4.0,70.0,0.0
4.25,70.0,0.0
4.5,70.0,2.19
4.75,70.0,0.0
5.0,70.0,0.0
5.25,70.0,0.0
5.5,70.0,0.0
5.75,70.0,0.15
6.0,70.0,0.25
6.25,70.0,2.98
6.5,70.0,2.92
6.75,70.0,2.03
7.0,70.0,1.58
7.25,70.0,3.8
7.5,70.0,2.24
7.75,70.0,0.94
8.0,70.0,0.0
8.25,70.0,1.03
8.5,70.0,2.51
8.75,70.0,4.49
9.0,70.0,0.88
9.25,70.0,0.0
9.5,70.0,0.0
9.75,70.0,1.06
10.0,70.0,0.0
