gene,direction,condition,replicate,expression
TP53,down,control,0,7.419
TP53,down,control,1,8.006
TP53,down,control,2,8.074
TP53,down,control,3,7.994
TP53,down,control,4,7.785
TP53,down,control,5,7.88
TP53,down,control,6,8.007
TP53,down,control,7,8.101
TP53,down,control,8,8.281
TP53,down,control,9,8.448
TP53,down,control,10,7.966
TP53,down,control,11,7.91
TP53,down,control,12,8.222
TP53,down,control,13,8.283
TP53,down,control,14,7.917
TP53,down,treatment,0,7.146
TP53,down,treatment,1,7.212
TP53,down,treatment,2,7.321
TP53,down,treatment,3,7.492
TP53,down,treatment,4,6.566
TP53,down,treatment,5,6.874
TP53,down,treatment,6,6.873
TP53,down,treatment,7,6.835
TP53,down,treatment,8,6.642
TP53,down,treatment,9,6.349
TP53,down,treatment,10,6.902
TP53,down,treatment,11,6.6
TP53,down,treatment,12,6.899
TP53,down,treatment,13,6.591
TP53,down,treatment,14,6.484
MYC,up,control,0,8.147
MYC,up,control,1,8.296
MYC,up,control,2,8.859
MYC,up,control,3,8.191
MYC,up,control,4,8.263
MYC,up,control,5,7.717
MYC,up,control,6,7.643
MYC,up,control,7,8.648
MYC,up,control,8,7.771
MYC,up,control,9,7.728
MYC,up,control,10,8.08
MYC,up,control,11,8.062
MYC,up,control,12,7.778
MYC,up,control,13,7.987
MYC,up,control,14,8.524
MYC,up,treatment,0,9.412
MYC,up,treatment,1,9.206
MYC,up,treatment,2,10.024
MYC,up,treatment,3,9.866
MYC,up,treatment,4,9.477
MYC,up,treatment,5,9.14
MYC,up,treatment,6,9.433
MYC,up,treatment,7,9.675
MYC,up,treatment,8,10.102
MYC,up,treatment,9,9.331
MYC,up,treatment,10,9.664
MYC,up,treatment,11,9.93
MYC,up,treatment,12,8.86
MYC,up,treatment,13,10.056
MYC,up,treatment,14,9.28
GAPDH,unchanged,control,0,8.219
GAPDH,unchanged,control,1,8.512
GAPDH,unchanged,control,2,8.326
GAPDH,unchanged,control,3,7.301
GAPDH,unchanged,control,4,7.858
GAPDH,unchanged,control,5,8.181
GAPDH,unchanged,control,6,8.065
GAPDH,unchanged,control,7,8.3
GAPDH,unchanged,control,8,8.409
GAPDH,unchanged,control,9,8.346
GAPDH,unchanged,control,10,8.058
GAPDH,unchanged,control,11,7.487
GAPDH,unchanged,control,12,7.973
GAPDH,unchanged,control,13,8.279
GAPDH,unchanged,control,14,7.751
GAPDH,unchanged,treatment,0,8.354
GAPDH,unchanged,treatment,1,8.451
GAPDH,unchanged,treatment,2,8.177
GAPDH,unchanged,treatment,3,7.06
GAPDH,unchanged,treatment,4,7.685
GAPDH,unchanged,treatment,5,8.793
GAPDH,unchanged,treatment,6,7.942
GAPDH,unchanged,treatment,7,7.438
GAPDH,unchanged,treatment,8,8.565
GAPDH,unchanged,treatment,9,8.137
GAPDH,unchanged,treatment,10,8.52
GAPDH,unchanged,treatment,11,8.23
GAPDH,unchanged,treatment,12,8.293
GAPDH,unchanged,treatment,13,8.26
GAPDH,unchanged,treatment,14,8.377
IL6,up,control,0,9.251
IL6,up,control,1,8.358
IL6,up,control,2,9.067
IL6,up,control,3,9.31
IL6,up,control,4,9.332
IL6,up,control,5,8.762
IL6,up,control,6,9.319
IL6,up,control,7,9.236
IL6,up,control,8,9.811
IL6,up,control,9,8.648
IL6,up,control,10,8.733
IL6,up,control,11,8.804
IL6,up,control,12,8.739
IL6,up,control,13,8.599
IL6,up,control,14,7.944
IL6,up,treatment,0,10.859
IL6,up,treatment,1,11.14
IL6,up,treatment,2,10.838
IL6,up,treatment,3,11.688
IL6,up,treatment,4,11.016
IL6,up,treatment,5,11.463
IL6,up,treatment,6,11.102
IL6,up,treatment,7,11.3
IL6,up,treatment,8,11.109
IL6,up,treatment,9,11.49
IL6,up,treatment,10,11.031
IL6,up,treatment,11,11.185
IL6,up,treatment,12,11.139
IL6,up,treatment,13,10.91
IL6,up,treatment,14,11.153
ACTB,unchanged,control,0,8.799
ACTB,unchanged,control,1,9.041
ACTB,unchanged,control,2,9.334
ACTB,unchanged,control,3,9.293
ACTB,unchanged,control,4,8.898
ACTB,unchanged,control,5,8.06
ACTB,unchanged,control,6,9.075
ACTB,unchanged,control,7,8.117
ACTB,unchanged,control,8,9.408
ACTB,unchanged,control,9,8.953
ACTB,unchanged,control,10,9.244
ACTB,unchanged,control,11,8.578
ACTB,unchanged,control,12,8.35
ACTB,unchanged,control,13,8.985
ACTB,unchanged,control,14,8.882
ACTB,unchanged,treatment,0,8.772
ACTB,unchanged,treatment,1,8.973
ACTB,unchanged,treatment,2,9.912
ACTB,unchanged,treatment,3,9.236
ACTB,unchanged,treatment,4,9.311
ACTB,unchanged,treatment,5,9.239
ACTB,unchanged,treatment,6,9.462
ACTB,unchanged,treatment,7,8.877
ACTB,unchanged,treatment,8,8.225
ACTB,unchanged,treatment,9,8.878
ACTB,unchanged,treatment,10,9.228
ACTB,unchanged,treatment,11,8.604
ACTB,unchanged,treatment,12,8.882
ACTB,unchanged,treatment,13,8.702
ACTB,unchanged,treatment,14,9.469
CDKN1A,down,control,0,8.528
CDKN1A,down,control,1,8.517
CDKN1A,down,control,2,8.287
CDKN1A,down,control,3,8.369
CDKN1A,down,control,4,7.885
CDKN1A,down,control,5,7.535
CDKN1A,down,control,6,8.352
CDKN1A,down,control,7,8.413
CDKN1A,down,control,8,8.723
CDKN1A,down,control,9,8.85
CDKN1A,down,control,10,8.849
CDKN1A,down,control,11,7.95
CDKN1A,down,control,12,8.176
CDKN1A,down,control,13,8.468
CDKN1A,down,control,14,9.186
CDKN1A,down,treatment,0,8.018
CDKN1A,down,treatment,1,7.892
CDKN1A,down,treatment,2,7.364
CDKN1A,down,treatment,3,7.191
CDKN1A,down,treatment,4,7.776
CDKN1A,down,treatment,5,7.115
CDKN1A,down,treatment,6,7.416
CDKN1A,down,treatment,7,7.46
CDKN1A,down,treatment,8,8.057
CDKN1A,down,treatment,9,7.376
CDKN1A,down,treatment,10,6.646
CDKN1A,down,treatment,11,7.676
CDKN1A,down,treatment,12,7.255
CDKN1A,down,treatment,13,7.515
CDKN1A,down,treatment,14,7.469
