strain,replicate,time_h,OD600
WT,0,0.0,0.0334
WT,0,1.26,0.0223
WT,0,2.53,0.0441
WT,0,3.79,0.104
WT,0,5.05,0.1636
WT,0,6.32,0.2986
WT,0,7.58,0.4671
WT,0,8.84,0.6757
WT,0,10.11,0.9031
WT,0,11.37,1.0837
WT,0,12.63,1.2188
WT,0,13.89,1.2828
WT,0,15.16,1.3347
WT,0,16.42,1.359
WT,0,17.68,1.3803
WT,0,18.95,1.3702
WT,0,20.21,1.3944
WT,0,21.47,1.3909
WT,0,22.74,1.3741
WT,0,24.0,1.3999
WT,1,0.0,0.0276
WT,1,1.26,0.0144
WT,1,2.53,0.0444
WT,1,3.79,0.1273
WT,1,5.05,0.2313
WT,1,6.32,0.4106
WT,1,7.58,0.6666
WT,1,8.84,0.9386
WT,1,10.11,1.1389
WT,1,11.37,1.2977
WT,1,12.63,1.4036
WT,1,13.89,1.4236
WT,1,15.16,1.4663
WT,1,16.42,1.4642
WT,1,17.68,1.4801
WT,1,18.95,1.4884
WT,1,20.21,1.4861
WT,1,21.47,1.4884
WT,1,22.74,1.4681
WT,1,24.0,1.4909
WT,2,0.0,0.0223
WT,2,1.26,0.0235
WT,2,2.53,0.0317
WT,2,3.79,0.0654
WT,2,5.05,0.1596
WT,2,6.32,0.2768
WT,2,7.58,0.4753
WT,2,8.84,0.7018
WT,2,10.11,0.9278
WT,2,11.37,1.1428
WT,2,12.63,1.2561
WT,2,13.89,1.3369
WT,2,15.16,1.3667
WT,2,16.42,1.4102
WT,2,17.68,1.3954
WT,2,18.95,1.406
WT,2,20.21,1.413
WT,2,21.47,1.4023
WT,2,22.74,1.4171
WT,2,24.0,1.4303
WT,3,0.0,0.0181
WT,3,1.26,0.0183
WT,3,2.53,0.0346
WT,3,3.79,0.0947
WT,3,5.05,0.156
WT,3,6.32,0.284
WT,3,7.58,0.4656
WT,3,8.84,0.6675
WT,3,10.11,0.878
WT,3,11.37,1.0501
WT,3,12.63,1.1145
WT,3,13.89,1.1814
WT,3,15.16,1.2133
WT,3,16.42,1.2492
WT,3,17.68,1.2466
WT,3,18.95,1.237
WT,3,20.21,1.2574
WT,3,21.47,1.2378
WT,3,22.74,1.2557
WT,3,24.0,1.2322
MutantA_fast,0,0.0,0.021
MutantA_fast,0,1.26,0.0458
MutantA_fast,0,2.53,0.1103
MutantA_fast,0,3.79,0.2836
MutantA_fast,0,5.05,0.5432
MutantA_fast,0,6.32,0.8383
MutantA_fast,0,7.58,1.0194
MutantA_fast,0,8.84,1.0987
MutantA_fast,0,10.11,1.1278
MutantA_fast,0,11.37,1.1456
MutantA_fast,0,12.63,1.1538
MutantA_fast,0,13.89,1.1705
MutantA_fast,0,15.16,1.1597
MutantA_fast,0,16.42,1.1603
MutantA_fast,0,17.68,1.1815
MutantA_fast,0,18.95,1.1558
MutantA_fast,0,20.21,1.1555
MutantA_fast,0,21.47,1.1577
MutantA_fast,0,22.74,1.1405
MutantA_fast,0,24.0,1.1462
MutantA_fast,1,0.0,0.0199
MutantA_fast,1,1.26,0.0465
MutantA_fast,1,2.53,0.1103
MutantA_fast,1,3.79,0.2609
MutantA_fast,1,5.05,0.5428
MutantA_fast,1,6.32,0.8713
MutantA_fast,1,7.58,1.0648
MutantA_fast,1,8.84,1.1275
MutantA_fast,1,10.11,1.1722
MutantA_fast,1,11.37,1.1879
MutantA_fast,1,12.63,1.1976
MutantA_fast,1,13.89,1.2001
MutantA_fast,1,15.16,1.1943
MutantA_fast,1,16.42,1.1974
MutantA_fast,1,17.68,1.1923
MutantA_fast,1,18.95,1.1849
MutantA_fast,1,20.21,1.189
MutantA_fast,1,21.47,1.1918
MutantA_fast,1,22.74,1.1913
MutantA_fast,1,24.0,1.1728
MutantA_fast,2,0.0,0.0163
MutantA_fast,2,1.26,0.0404
MutantA_fast,2,2.53,0.0878
MutantA_fast,2,3.79,0.2329
MutantA_fast,2,5.05,0.5166
MutantA_fast,2,6.32,0.8336
MutantA_fast,2,7.58,1.0497
MutantA_fast,2,8.84,1.1371
MutantA_fast,2,10.11,1.1517
MutantA_fast,2,11.37,1.1772
MutantA_fast,2,12.63,1.1867
MutantA_fast,2,13.89,1.1875
MutantA_fast,2,15.16,1.1916
MutantA_fast,2,16.42,1.1772
MutantA_fast,2,17.68,1.1871
MutantA_fast,2,18.95,1.1907
MutantA_fast,2,20.21,1.1947
MutantA_fast,2,21.47,1.1784
MutantA_fast,2,22.74,1.183
MutantA_fast,2,24.0,1.1595
MutantA_fast,3,0.0,0.0198
MutantA_fast,3,1.26,0.0331
MutantA_fast,3,2.53,0.0682
MutantA_fast,3,3.79,0.2277
MutantA_fast,3,5.05,0.462
MutantA_fast,3,6.32,0.7686
MutantA_fast,3,7.58,0.9641
MutantA_fast,3,8.84,1.0835
MutantA_fast,3,10.11,1.1234
MutantA_fast,3,11.37,1.1452
MutantA_fast,3,12.63,1.1492
MutantA_fast,3,13.89,1.1474
MutantA_fast,3,15.16,1.1353
MutantA_fast,3,16.42,1.1362
MutantA_fast,3,17.68,1.1452
MutantA_fast,3,18.95,1.151
MutantA_fast,3,20.21,1.145
MutantA_fast,3,21.47,1.1573
MutantA_fast,3,22.74,1.1483
MutantA_fast,3,24.0,1.1414
MutantB_slow,0,0.0,0.0379
MutantB_slow,0,1.26,0.0125
MutantB_slow,0,2.53,0.0186
MutantB_slow,0,3.79,0.0343
MutantB_slow,0,5.05,0.0463
MutantB_slow,0,6.32,0.0665
MutantB_slow,0,7.58,0.0937
MutantB_slow,0,8.84,0.1594
MutantB_slow,0,10.11,0.2326
MutantB_slow,0,11.37,0.3335
MutantB_slow,0,12.63,0.4809
MutantB_slow,0,13.89,0.6429
MutantB_slow,0,15.16,0.8384
MutantB_slow,0,16.42,1.0156
MutantB_slow,0,17.68,1.1594
MutantB_slow,0,18.95,1.2965
MutantB_slow,0,20.21,1.3807
MutantB_slow,0,21.47,1.4668
MutantB_slow,0,22.74,1.5262
MutantB_slow,0,24.0,1.5646
MutantB_slow,1,0.0,0.0054
MutantB_slow,1,1.26,0.025
MutantB_slow,1,2.53,0.0347
MutantB_slow,1,3.79,0.0335
MutantB_slow,1,5.05,0.0445
MutantB_slow,1,6.32,0.0483
MutantB_slow,1,7.58,0.0887
MutantB_slow,1,8.84,0.1676
MutantB_slow,1,10.11,0.245
MutantB_slow,1,11.37,0.3494
MutantB_slow,1,12.63,0.5033
MutantB_slow,1,13.89,0.6693
MutantB_slow,1,15.16,0.8517
MutantB_slow,1,16.42,1.0083
MutantB_slow,1,17.68,1.1602
MutantB_slow,1,18.95,1.2586
MutantB_slow,1,20.21,1.3385
MutantB_slow,1,21.47,1.4067
MutantB_slow,1,22.74,1.4243
MutantB_slow,1,24.0,1.4871
MutantB_slow,2,0.0,0.0399
MutantB_slow,2,1.26,0.0291
MutantB_slow,2,2.53,0.0053
MutantB_slow,2,3.79,0.0472
MutantB_slow,2,5.05,0.0481
MutantB_slow,2,6.32,0.0805
MutantB_slow,2,7.58,0.1085
MutantB_slow,2,8.84,0.1878
MutantB_slow,2,10.11,0.2628
MutantB_slow,2,11.37,0.3873
MutantB_slow,2,12.63,0.5315
MutantB_slow,2,13.89,0.7261
MutantB_slow,2,15.16,0.9098
MutantB_slow,2,16.42,1.0664
MutantB_slow,2,17.68,1.2203
MutantB_slow,2,18.95,1.3394
MutantB_slow,2,20.21,1.4468
MutantB_slow,2,21.47,1.4984
MutantB_slow,2,22.74,1.5428
MutantB_slow,2,24.0,1.5871
MutantB_slow,3,0.0,0.0254
MutantB_slow,3,1.26,0.0378
MutantB_slow,3,2.53,0.0258
MutantB_slow,3,3.79,0.0433
MutantB_slow,3,5.05,0.0356
MutantB_slow,3,6.32,0.0698
MutantB_slow,3,7.58,0.0928
MutantB_slow,3,8.84,0.1509
MutantB_slow,3,10.11,0.2331
MutantB_slow,3,11.37,0.3244
MutantB_slow,3,12.63,0.4349
MutantB_slow,3,13.89,0.5855
MutantB_slow,3,15.16,0.7481
MutantB_slow,3,16.42,0.9289
MutantB_slow,3,17.68,1.0911
MutantB_slow,3,18.95,1.2056
MutantB_slow,3,20.21,1.2669
MutantB_slow,3,21.47,1.3688
MutantB_slow,3,22.74,1.4121
MutantB_slow,3,24.0,1.4201
