replicate,n_genomes,pan_genes,core_genes
0,1,3589,2798
0,2,3856,2649
0,3,3997,2467
0,4,4120,2351
0,5,4270,2295
0,6,4453,2179
0,7,4626,2116
0,8,4689,2071
0,9,4770,2019
0,10,4913,1978
0,11,4976,1975
0,12,5065,1897
0,13,5135,1801
0,14,5306,1801
0,15,5306,1788
0,16,5452,1759
0,17,5488,1735
0,18,5567,1702
0,19,5717,1676
0,20,5717,1667
0,21,5781,1619
0,22,5871,1588
0,23,5960,1588
0,24,5998,1552
0,25,6025,1551
0,26,6116,1497
0,27,6256,1497
0,28,6277,1474
0,29,6353,1468
0,30,6390,1468
1,1,3601,2926
1,2,3971,2686
1,3,4058,2540
1,4,4318,2412
1,5,4447,2315
1,6,4566,2202
1,7,4641,2202
1,8,4793,2133
1,9,4882,2066
1,10,5004,2019
1,11,5095,1994
1,12,5129,1903
1,13,5332,1887
1,14,5380,1840
1,15,5453,1840
1,16,5534,1821
1,17,5649,1724
1,18,5685,1712
1,19,5715,1712
1,20,5884,1685
1,21,5962,1642
1,22,6010,1642
1,23,6048,1634
1,24,6161,1617
1,25,6175,1572
1,26,6258,1572
1,27,6334,1541
1,28,6455,1526
1,29,6477,1526
1,30,6537,1462
2,1,3809,2880
2,2,3978,2628
2,3,4181,2500
2,4,4342,2381
2,5,4543,2328
2,6,4675,2238
2,7,4784,2137
2,8,4885,2104
2,9,4990,2023
2,10,5141,2006
2,11,5229,1928
2,12,5321,1928
2,13,5494,1895
2,14,5530,1894
2,15,5666,1838
2,16,5690,1780
2,17,5801,1779
2,18,5873,1703
2,19,5895,1687
2,20,6083,1687
2,21,6105,1612
2,22,6210,1612
2,23,6231,1594
2,24,6323,1594
2,25,6369,1552
2,26,6512,1552
2,27,6548,1539
2,28,6617,1539
2,29,6717,1504
2,30,6775,1471
3,1,3612,2789
3,2,3858,2588
3,3,4113,2432
3,4,4167,2375
3,5,4324,2225
3,6,4445,2183
3,7,4595,2101
3,8,4716,2089
3,9,4809,1979
3,10,4953,1936
3,11,4992,1889
3,12,5142,1878
3,13,5218,1805
3,14,5287,1791
3,15,5362,1722
3,16,5540,1722
3,17,5540,1701
3,18,5625,1653
3,19,5665,1653
3,20,5828,1608
3,21,5870,1608
3,22,5886,1577
3,23,5998,1577
3,24,6058,1569
3,25,6098,1511
3,26,6209,1494
3,27,6261,1494
3,28,6319,1474
3,29,6373,1459
3,30,6451,1459
4,1,3586,2859
4,2,3817,2596
4,3,3970,2538
4,4,4126,2402
4,5,4218,2290
4,6,4372,2253
4,7,4541,2149
4,8,4639,2090
4,9,4753,2060
4,10,4889,2044
4,11,4908,1996
4,12,5035,1929
4,13,5140,1894
4,14,5196,1866
4,15,5355,1789
4,16,5418,1789
4,17,5476,1742
4,18,5606,1738
4,19,5606,1700
4,20,5692,1692
4,21,5778,1660
4,22,5803,1567
4,23,5915,1567
4,24,5934,1567
4,25,6063,1567
4,26,6141,1552
4,27,6178,1552
4,28,6178,1526
4,29,6260,1511
4,30,6375,1508
5,1,3567,2836
5,2,3880,2583
5,3,4115,2457
5,4,4240,2359
5,5,4428,2311
5,6,4539,2182
5,7,4703,2111
5,8,4764,2055
5,9,4901,2052
5,10,5008,1907
5,11,5143,1904
5,12,5143,1904
5,13,5263,1863
5,14,5398,1792
5,15,5509,1783
5,16,5547,1756
5,17,5611,1745
5,18,5727,1740
5,19,5808,1683
5,20,5841,1639
5,21,5940,1639
5,22,6042,1591
5,23,6138,1562
5,24,6167,1526
5,25,6211,1511
5,26,6275,1507
5,27,6363,1483
5,28,6404,1483
5,29,6479,1449
5,30,6498,1390
6,1,3504,2812
6,2,3814,2572
6,3,3924,2476
6,4,4135,2387
6,5,4246,2288
6,6,4374,2214
6,7,4467,2171
6,8,4606,2092
6,9,4688,2049
6,10,4822,1963
6,11,4904,1917
6,12,4972,1917
6,13,5130,1867
6,14,5196,1817
6,15,5249,1785
6,16,5351,1754
6,17,5422,1724
6,18,5471,1685
6,19,5579,1655
6,20,5628,1655
6,21,5688,1627
6,22,5735,1627
6,23,5848,1604
6,24,5947,1583
6,25,5969,1541
6,26,6146,1536
6,27,6153,1529
6,28,6230,1519
6,29,6274,1485
6,30,6372,1485
7,1,3604,2888
7,2,3799,2738
7,3,4062,2493
7,4,4241,2421
7,5,4381,2337
7,6,4509,2242
7,7,4605,2211
7,8,4705,2149
7,9,4861,2077
7,10,4961,2024
7,11,5026,1983
7,12,5179,1943
7,13,5202,1906
7,14,5301,1868
7,15,5464,1845
7,16,5521,1825
7,17,5559,1753
7,18,5660,1729
7,19,5733,1688
7,20,5733,1688
7,21,5844,1684
7,22,5946,1667
7,23,6006,1603
7,24,6096,1603
7,25,6195,1580
7,26,6211,1578
7,27,6250,1575
7,28,6363,1516
7,29,6404,1509
7,30,6472,1508
8,1,3935,2867
8,2,4179,2690
8,3,4354,2501
8,4,4481,2416
8,5,4709,2335
8,6,4762,2229
8,7,5002,2163
8,8,5077,2113
8,9,5094,2072
8,10,5286,2012
8,11,5428,1990
8,12,5499,1918
8,13,5630,1861
8,14,5670,1861
8,15,5746,1810
8,16,5879,1781
8,17,5969,1763
8,18,6041,1739
8,19,6178,1703
8,20,6186,1686
8,21,6305,1663
8,22,6374,1645
8,23,6392,1568
8,24,6475,1568
8,25,6594,1568
8,26,6734,1568
8,27,6755,1512
8,28,6755,1512
8,29,6763,1493
8,30,6964,1493
9,1,3544,2919
9,2,3789,2655
9,3,3984,2527
9,4,4198,2416
9,5,4230,2331
9,6,4381,2222
9,7,4481,2203
9,8,4625,2145
9,9,4742,2088
9,10,4816,2009
9,11,4945,1986
9,12,4994,1924
9,13,5119,1899
9,14,5284,1899
9,15,5341,1841
9,16,5415,1782
9,17,5454,1782
9,18,5513,1722
9,19,5602,1699
9,20,5715,1678
9,21,5819,1667
9,22,5891,1667
9,23,5951,1646
9,24,5971,1624
9,25,6065,1568
9,26,6118,1561
9,27,6187,1561
9,28,6329,1523
9,29,6329,1514
9,30,6373,1513
10,1,3644,2864
10,2,3822,2668
10,3,4057,2538
10,4,4197,2398
10,5,4271,2332
10,6,4415,2240
10,7,4547,2140
10,8,4661,2079
10,9,4796,2079
10,10,4923,2036
10,11,5044,1973
10,12,5106,1958
10,13,5170,1911
10,14,5201,1869
10,15,5361,1801
10,16,5442,1801
10,17,5528,1774
10,18,5674,1726
10,19,5720,1694
10,20,5778,1690
10,21,5790,1624
10,22,5877,1624
10,23,5961,1597
10,24,6006,1597
10,25,6118,1566
10,26,6179,1553
10,27,6193,1523
10,28,6337,1519
10,29,6361,1519
10,30,6361,1519
11,1,3682,2836
11,2,3935,2662
11,3,4058,2510
11,4,4249,2357
11,5,4335,2345
11,6,4572,2194
11,7,4730,2169
11,8,4777,2109
11,9,4810,2054
11,10,5010,1989
11,11,5057,1975
11,12,5162,1882
11,13,5300,1878
11,14,5376,1833
11,15,5437,1798
11,16,5515,1792
11,17,5624,1778
11,18,5685,1719
11,19,5738,1719
11,20,5841,1678
11,21,5939,1634
11,22,5993,1626
11,23,6021,1604
11,24,6175,1575
11,25,6175,1575
11,26,6260,1557
11,27,6320,1498
11,28,6412,1479
11,29,6490,1479
11,30,6573,1464
12,1,3603,2875
12,2,3841,2696
12,3,4141,2502
12,4,4259,2382
12,5,4378,2367
12,6,4494,2278
12,7,4633,2168
12,8,4726,2131
12,9,4909,2100
12,10,4955,2038
12,11,5121,1988
12,12,5164,1969
12,13,5234,1891
12,14,5345,1873
12,15,5355,1839
12,16,5527,1802
12,17,5606,1771
12,18,5721,1754
12,19,5721,1727
12,20,5886,1678
12,21,5948,1678
12,22,6035,1634
12,23,6061,1629
12,24,6168,1606
12,25,6168,1601
12,26,6293,1527
12,27,6307,1527
12,28,6341,1523
12,29,6423,1523
12,30,6525,1493
13,1,3606,2949
13,2,3900,2743
13,3,4048,2575
13,4,4224,2497
13,5,4357,2375
13,6,4517,2298
13,7,4587,2248
13,8,4692,2170
13,9,4813,2114
13,10,4942,2070
13,11,5030,2042
13,12,5158,2020
13,13,5271,1958
13,14,5279,1927
13,15,5374,1872
13,16,5432,1829
13,17,5635,1829
13,18,5653,1791
13,19,5736,1729
13,20,5747,1728
13,21,5868,1710
13,22,5957,1677
13,23,6001,1677
13,24,6116,1656
13,25,6227,1655
13,26,6227,1611
13,27,6243,1589
13,28,6312,1548
13,29,6462,1548
13,30,6505,1534
14,1,3485,2810
14,2,3744,2583
14,3,3929,2458
14,4,4050,2394
14,5,4228,2331
14,6,4333,2221
14,7,4358,2137
14,8,4553,2071
14,9,4713,2008
14,10,4717,2008
14,11,4876,1934
14,12,5019,1934
14,13,5026,1893
14,14,5138,1790
14,15,5176,1781
14,16,5359,1751
14,17,5377,1736
14,18,5458,1710
14,19,5578,1710
14,20,5626,1638
14,21,5643,1638
14,22,5721,1630
14,23,5829,1595
14,24,5856,1578
14,25,5870,1533
14,26,6006,1533
14,27,6019,1530
14,28,6190,1509
14,29,6201,1497
14,30,6223,1497
15,1,3664,2851
15,2,3931,2662
15,3,4139,2503
15,4,4322,2417
15,5,4446,2272
15,6,4566,2218
15,7,4683,2208
15,8,4785,2090
15,9,4946,2046
15,10,5009,1984
15,11,5127,1967
15,12,5246,1904
15,13,5307,1879
15,14,5458,1867
15,15,5559,1801
15,16,5599,1801
15,17,5685,1775
15,18,5800,1753
15,19,5835,1707
15,20,5910,1707
15,21,6054,1680
15,22,6117,1641
15,23,6179,1594
15,24,6261,1590
15,25,6261,1590
15,26,6414,1590
15,27,6447,1568
15,28,6535,1536
15,29,6578,1474
15,30,6630,1474
16,1,3516,2816
16,2,3760,2590
16,3,3957,2420
16,4,4101,2339
16,5,4243,2296
16,6,4319,2170
16,7,4469,2135
16,8,4532,2029
16,9,4621,1993
16,10,4817,1961
16,11,4861,1914
16,12,5011,1849
16,13,5108,1812
16,14,5133,1812
16,15,5259,1791
16,16,5296,1769
16,17,5333,1748
16,18,5478,1684
16,19,5532,1650
16,20,5606,1650
16,21,5762,1626
16,22,5762,1567
16,23,5844,1545
16,24,5863,1545
16,25,5995,1525
16,26,6038,1510
16,27,6104,1510
16,28,6120,1492
16,29,6188,1489
16,30,6308,1401
17,1,3590,2896
17,2,3863,2706
17,3,4048,2520
17,4,4242,2425
17,5,4445,2352
17,6,4592,2212
17,7,4617,2186
17,8,4780,2118
17,9,4891,2071
17,10,4990,2015
17,11,5090,1985
17,12,5183,1984
17,13,5324,1897
17,14,5392,1875
17,15,5403,1875
17,16,5552,1794
17,17,5637,1794
17,18,5696,1750
17,19,5802,1750
17,20,5845,1715
17,21,5919,1682
17,22,5989,1651
17,23,5989,1617
17,24,6122,1612
17,25,6170,1610
17,26,6218,1571
17,27,6376,1546
17,28,6408,1530
17,29,6453,1530
17,30,6497,1529
18,1,3573,2839
18,2,3850,2649
18,3,4024,2441
18,4,4101,2380
18,5,4278,2297
18,6,4386,2195
18,7,4530,2108
18,8,4709,2097
18,9,4711,1998
18,10,4806,1973
18,11,4931,1933
18,12,5064,1910
18,13,5166,1844
18,14,5247,1809
18,15,5357,1794
18,16,5357,1784
18,17,5519,1784
18,18,5544,1674
18,19,5656,1674
18,20,5658,1634
18,21,5777,1634
18,22,5856,1592
18,23,5957,1577
18,24,5957,1558
18,25,6052,1550
18,26,6079,1541
18,27,6199,1526
18,28,6272,1498
18,29,6352,1452
18,30,6352,1452
19,1,3590,2890
19,2,3800,2687
19,3,4045,2573
19,4,4254,2465
19,5,4360,2331
19,6,4480,2288
19,7,4580,2194
19,8,4787,2146
19,9,4799,2123
19,10,4913,2061
19,11,5058,2016
19,12,5068,2000
19,13,5269,1904
19,14,5335,1863
19,15,5430,1836
19,16,5502,1815
19,17,5557,1740
19,18,5605,1740
19,19,5714,1726
19,20,5759,1726
19,21,5884,1697
19,22,5967,1653
19,23,6061,1653
19,24,6091,1640
19,25,6178,1587
19,26,6202,1574
19,27,6261,1517
19,28,6359,1517
19,29,6392,1514
19,30,6477,1514
20,1,3492,2778
20,2,3776,2639
20,3,3971,2457
20,4,4129,2376
20,5,4258,2291
20,6,4333,2220
20,7,4486,2114
20,8,4606,2081
20,9,4713,2067
20,10,4831,2020
20,11,4975,1961
20,12,5047,1907
20,13,5073,1841
20,14,5218,1841
20,15,5301,1793
20,16,5331,1779
20,17,5468,1725
20,18,5510,1708
20,19,5541,1690
20,20,5680,1668
20,21,5743,1650
20,22,5798,1604
20,23,5874,1567
20,24,5917,1567
20,25,6030,1567
20,26,6072,1548
20,27,6143,1491
20,28,6213,1485
20,29,6222,1485
20,30,6292,1485
21,1,3517,2840
21,2,3775,2682
21,3,3917,2531
21,4,4032,2404
21,5,4250,2307
21,6,4396,2220
21,7,4474,2128
21,8,4603,2092
21,9,4678,2046
21,10,4765,2002
21,11,4927,1963
21,12,4997,1934
21,13,5090,1861
21,14,5211,1827
21,15,5211,1827
21,16,5304,1796
21,17,5407,1742
21,18,5458,1722
21,19,5580,1696
21,20,5619,1675
21,21,5662,1661
21,22,5769,1661
21,23,5841,1612
21,24,5934,1602
21,25,5981,1530
21,26,6048,1530
21,27,6107,1530
21,28,6151,1522
21,29,6194,1399
21,30,6290,1399
22,1,3847,2756
22,2,3949,2550
22,3,4279,2423
22,4,4416,2331
22,5,4487,2219
22,6,4724,2154
22,7,4878,2079
22,8,4972,2012
22,9,5094,1987
22,10,5168,1917
22,11,5221,1896
22,12,5410,1849
22,13,5544,1806
22,14,5615,1772
22,15,5615,1737
22,16,5700,1683
22,17,5808,1683
22,18,5864,1671
22,19,6002,1660
22,20,6093,1606
22,21,6106,1606
22,22,6259,1565
22,23,6327,1534
22,24,6359,1512
22,25,6443,1476
22,26,6451,1476
22,27,6576,1476
22,28,6655,1475
22,29,6727,1426
22,30,6800,1426
23,1,3638,2910
23,2,3850,2641
23,3,4093,2499
23,4,4186,2346
23,5,4308,2281
23,6,4432,2242
23,7,4511,2120
23,8,4681,2044
23,9,4839,2039
23,10,4923,2022
23,11,5001,1949
23,12,5060,1901
23,13,5193,1830
23,14,5309,1830
23,15,5374,1819
23,16,5447,1736
23,17,5493,1736
23,18,5630,1736
23,19,5630,1719
23,20,5764,1682
23,21,5913,1661
23,22,5913,1636
23,23,5956,1622
23,24,6032,1543
23,25,6084,1530
23,26,6202,1528
23,27,6247,1524
23,28,6300,1518
23,29,6385,1499
23,30,6420,1499
24,1,3732,2848
24,2,3943,2621
24,3,4161,2447
24,4,4347,2342
24,5,4366,2298
24,6,4707,2217
24,7,4769,2127
24,8,4847,2059
24,9,5048,2041
24,10,5075,1948
24,11,5194,1935
24,12,5270,1935
24,13,5439,1855
24,14,5469,1800
24,15,5566,1794
24,16,5689,1745
24,17,5751,1697
24,18,5809,1697
24,19,5929,1697
24,20,6057,1645
24,21,6057,1620
24,22,6121,1585
24,23,6196,1582
24,24,6307,1553
24,25,6310,1524
24,26,6389,1524
24,27,6413,1520
24,28,6491,1505
24,29,6580,1495
24,30,6660,1477
25,1,3573,2899
25,2,3837,2676
25,3,4022,2518
25,4,4158,2429
25,5,4269,2339
25,6,4452,2252
25,7,4562,2139
25,8,4617,2093
25,9,4809,2053
25,10,4928,2028
25,11,5081,1967
25,12,5081,1952
25,13,5159,1919
25,14,5226,1881
25,15,5357,1849
25,16,5440,1769
25,17,5484,1769
25,18,5585,1723
25,19,5598,1674
25,20,5774,1674
25,21,5787,1674
25,22,5884,1650
25,23,5905,1650
25,24,6003,1602
25,25,6081,1602
25,26,6156,1564
25,27,6238,1542
25,28,6335,1496
25,29,6373,1496
25,30,6443,1479
26,1,3602,2949
26,2,3838,2748
26,3,3973,2569
26,4,4145,2463
26,5,4288,2354
26,6,4448,2290
26,7,4596,2217
26,8,4668,2151
26,9,4832,2099
26,10,4896,2057
26,11,4955,1996
26,12,5086,1956
26,13,5207,1956
26,14,5304,1948
26,15,5360,1829
26,16,5401,1797
26,17,5473,1774
26,18,5578,1765
26,19,5692,1761
26,20,5723,1729
26,21,5796,1696
26,22,5852,1682
26,23,5908,1633
26,24,5982,1622
26,25,6059,1607
26,26,6180,1553
26,27,6180,1544
26,28,6250,1527
26,29,6280,1527
26,30,6396,1523
27,1,3623,2763
27,2,3944,2559
27,3,4016,2423
27,4,4322,2345
27,5,4363,2228
27,6,4591,2145
27,7,4656,2076
27,8,4841,2020
27,9,5027,1950
27,10,5027,1918
27,11,5146,1918
27,12,5155,1849
27,13,5326,1834
27,14,5394,1730
27,15,5493,1730
27,16,5541,1721
27,17,5683,1686
27,18,5685,1675
27,19,5857,1635
27,20,5876,1575
27,21,5915,1575
27,22,6093,1575
27,23,6107,1551
27,24,6246,1517
27,25,6291,1487
27,26,6291,1487
27,27,6379,1487
27,28,6452,1471
27,29,6565,1419
27,30,6590,1419
28,1,3636,2906
28,2,3752,2685
28,3,4065,2532
28,4,4174,2426
28,5,4305,2352
28,6,4481,2244
28,7,4625,2211
28,8,4668,2181
28,9,4859,2079
28,10,4965,2003
28,11,5039,1958
28,12,5102,1958
28,13,5190,1908
28,14,5349,1894
28,15,5349,1830
28,16,5519,1829
28,17,5557,1779
28,18,5638,1739
28,19,5659,1720
28,20,5788,1677
28,21,5888,1677
28,22,5892,1656
28,23,6027,1650
28,24,6081,1603
28,25,6123,1572
28,26,6242,1571
28,27,6242,1571
28,28,6354,1528
28,29,6462,1504
28,30,6518,1504
29,1,3678,2960
29,2,3932,2751
29,3,4127,2562
29,4,4227,2488
29,5,4381,2371
29,6,4511,2286
29,7,4627,2209
29,8,4819,2151
29,9,4912,2148
29,10,5010,2067
29,11,5017,2019
29,12,5276,1968
29,13,5276,1968
29,14,5458,1929
29,15,5458,1851
29,16,5529,1830
29,17,5563,1802
29,18,5732,1782
29,19,5759,1737
29,20,5836,1737
29,21,5900,1735
29,22,6048,1652
29,23,6117,1634
29,24,6226,1627
29,25,6226,1608
29,26,6306,1608
29,27,6319,1601
29,28,6418,1582
29,29,6476,1538
29,30,6573,1521
