sample_id,batch,coverage_mean,duplicates_pct,gc_content,q30_pct
SMP000,batch_1,79.03,9.39,38.45,93.94
SMP001,batch_3,75.07,6.85,42.33,94.24
SMP002,batch_1,75.8,12.55,41.28,95.68
SMP003,batch_3,57.07,14.76,41.46,93.05
SMP004,batch_1,75.81,24.27,45.88,92.66
SMP005,batch_1,63.88,15.57,37.83,92.51
SMP006,batch_3,60.77,16.37,40.93,92.04
SMP007,batch_3,62.54,21.22,41.76,91.89
SMP008,batch_3,46.29,30.96,39.16,90.29
SMP009,batch_3,54.54,21.32,41.07,94.21
SMP010,batch_2,39.18,29.97,37.0,90.46
SMP011,batch_1,64.44,10.76,44.52,97.69
SMP012,batch_1,77.23,14.02,39.3,94.32
SMP013,batch_2,74.38,10.35,46.08,94.42
SMP014,batch_2,67.3,9.24,40.92,94.43
SMP015,batch_2,53.9,23.06,43.57,92.32
SMP016,batch_1,52.64,13.87,40.87,93.26
SMP017,batch_2,63.66,16.19,40.92,95.86
SMP018,batch_1,51.87,19.97,39.54,91.02
SMP019,batch_1,69.33,13.27,41.3,95.45
SMP020,batch_1,74.7,15.54,41.79,94.92
SMP021,batch_2,58.74,21.28,39.04,90.33
SMP022,batch_2,60.44,21.74,40.69,94.26
SMP023,batch_1,76.91,13.68,39.47,97.45
SMP024,batch_2,55.14,24.62,46.75,91.13
SMP025,batch_1,65.03,15.75,40.78,94.15
SMP026,batch_1,52.98,22.38,44.86,89.74
SMP027,batch_1,65.94,20.62,40.51,91.21
SMP028,batch_2,60.33,19.17,41.65,94.77
SMP029,batch_3,66.24,13.63,37.7,93.76
SMP030,batch_1,58.21,17.97,39.88,91.47
SMP031,batch_1,64.3,16.68,41.53,93.42
SMP032,batch_1,75.72,14.44,44.97,94.2
SMP033,batch_2,67.81,16.28,41.55,93.19
SMP034,batch_3,59.89,16.68,44.46,94.33
SMP035,batch_1,68.54,14.26,42.6,92.26
SMP036,batch_2,69.97,9.76,45.07,93.56
SMP037,batch_3,60.88,21.15,40.85,93.6
SMP038,batch_3,71.91,15.68,46.98,95.71
SMP039,batch_2,78.13,9.85,39.79,97.08
SMP040,batch_3,61.37,19.11,39.08,92.86
SMP041,batch_3,68.62,11.94,37.97,96.25
SMP042,batch_3,70.23,10.42,46.83,93.34
SMP043,batch_1,84.94,13.95,43.05,98.45
SMP044,batch_1,48.39,19.27,40.16,90.82
SMP045,batch_1,71.99,12.92,44.12,96.67
SMP046,batch_3,70.54,11.92,42.72,94.44
SMP047,batch_2,61.38,20.74,45.92,96.68
SMP048,batch_1,65.55,15.96,37.13,95.0
SMP049,batch_2,72.1,9.23,40.34,93.57
SMP050,batch_1,62.38,18.67,39.84,92.96
SMP051,batch_3,59.23,18.0,36.07,94.15
SMP052,batch_2,64.85,21.58,43.65,95.69
SMP053,batch_3,63.14,15.0,40.32,94.29
SMP054,batch_1,61.15,13.28,42.85,92.87
SMP055,batch_2,62.8,20.26,46.9,94.2
SMP056,batch_1,76.3,19.05,40.12,95.17
SMP057,batch_3,68.35,17.22,39.95,93.26
SMP058,batch_2,72.76,19.33,41.3,93.55
SMP059,batch_2,55.92,19.12,43.47,92.46
SMP060,batch_2,70.84,15.03,39.58,97.09
SMP061,batch_1,67.77,13.41,39.42,96.64
SMP062,batch_3,70.85,14.62,43.64,95.91
SMP063,batch_2,66.99,15.44,41.95,93.47
SMP064,batch_3,79.29,11.89,35.89,95.9
SMP065,batch_1,56.46,15.64,37.94,92.54
SMP066,batch_1,71.41,21.14,44.75,93.07
SMP067,batch_3,40.06,28.89,42.0,89.49
SMP068,batch_1,65.8,19.07,39.09,91.49
SMP069,batch_1,74.57,10.18,40.57,95.15
SMP070,batch_3,68.41,12.52,41.03,95.17
SMP071,batch_1,57.1,19.07,42.84,93.41
SMP072,batch_1,69.19,17.33,37.6,95.31
SMP073,batch_2,70.21,18.99,38.9,94.62
SMP074,batch_1,64.15,20.79,41.68,94.4
SMP075,batch_1,73.99,12.64,40.75,94.37
SMP076,batch_1,60.62,10.73,42.43,93.76
SMP077,batch_1,76.61,5.94,37.93,94.51
SMP078,batch_1,67.41,21.98,41.89,94.09
SMP079,batch_3,70.83,14.02,43.73,95.33
SMP080,batch_1,73.82,11.89,42.22,93.67
SMP081,batch_1,68.65,18.88,41.35,94.81
SMP082,batch_1,39.94,30.1,40.76,89.85
SMP083,batch_2,73.1,12.18,38.91,94.54
SMP084,batch_3,62.04,16.15,40.82,92.06
SMP085,batch_2,50.44,24.47,44.15,93.14
SMP086,batch_1,73.14,15.57,40.7,96.03
SMP087,batch_1,73.57,17.44,38.78,95.96
SMP088,batch_2,67.94,19.35,39.77,96.37
SMP089,batch_1,70.95,18.78,41.5,93.6
SMP090,batch_3,67.74,19.52,40.07,98.62
SMP091,batch_3,39.75,23.29,42.21,90.28
SMP092,batch_2,62.53,23.07,42.31,92.93
SMP093,batch_3,62.17,17.11,43.22,92.84
SMP094,batch_1,55.34,13.89,44.56,92.9
SMP095,batch_1,76.11,4.77,43.49,96.88
