genome,gene,family,start_bp,end_bp,strand,color
Genome_Alpha,recA,recombination,500,1300,+,#0072B2
Genome_Alpha,dnaK,chaperone,1500,2450,+,#D55E00
Genome_Alpha,islandA,island,2700,3400,+,#009E73
Genome_Alpha,gyrB,topoisomerase,3650,4550,-,#CC79A7
Genome_Alpha,rpoB,transcription,4800,5900,+,#E69F00
Genome_Alpha,efflux,efflux,6200,7200,+,#56B4E9
Genome_Beta,recA,recombination,400,1200,+,#0072B2
Genome_Beta,dnaK,chaperone,1400,2350,+,#D55E00
Genome_Beta,islandA,island,2550,3250,-,#009E73
Genome_Beta,gyrB,topoisomerase,3500,4400,-,#CC79A7
Genome_Beta,rpoB,transcription,4650,5750,+,#E69F00
Genome_Beta,efflux,efflux,6000,7000,+,#56B4E9
Genome_Gamma,recA,recombination,600,1400,+,#0072B2
Genome_Gamma,dnaK,chaperone,1620,2570,+,#D55E00
Genome_Gamma,novelX,novel,2750,3300,+,#777777
Genome_Gamma,islandA,island,3500,4200,+,#009E73
Genome_Gamma,gyrB,topoisomerase,4450,5350,-,#CC79A7
Genome_Gamma,rpoB,transcription,5600,6700,+,#E69F00
